{
  "Use Non-ASCII Font" : false,
  "Tags" : [

  ],
  "Ansi 12 Color" : {
    "Green Component" : 0.86277559999999998,
    "Red Component" : 0.71165029999999996,
    "Blue Component" : 0.9982605
  },
  "Ansi 7 Color" : {
    "Green Component" : 0.93353169999999996,
    "Red Component" : 0.93353169999999996,
    "Blue Component" : 0.93353169999999996
  },
  "Ansi 8 Color" : {
    "Green Component" : 0.4862745,
    "Red Component" : 0.4862745,
    "Blue Component" : 0.4862745
  },
  "Bold Color" : {
    "Green Component" : 1,
    "Red Component" : 1,
    "Blue Component" : 1
  },
  "Ansi 9 Color" : {
    "Green Component" : 0.71372550000000001,
    "Red Component" : 1,
    "Blue Component" : 0.69019609999999998
  },
  "Ansi 3 Color" : {
    "Green Component" : 1,
    "Red Component" : 1,
    "Blue Component" : 0.71372550000000001
  },
  "Ansi 1 Color" : {
    "Green Component" : 0.4235294,
    "Red Component" : 1,
    "Blue Component" : 0.37647059999999999
  },
  "Rows" : 45,
  "Default Bookmark" : "No",
  "Cursor Guide Color" : {
    "Red Component" : 0.7486259937286377,
    "Color Space" : "P3",
    "Blue Component" : 0.99125725030899048,
    "Alpha Component" : 0.25,
    "Green Component" : 0.92047786712646484
  },
  "Non-ASCII Anti Aliased" : true,
  "Use Bright Bold" : true,
  "Ansi 10 Color" : {
    "Green Component" : 1,
    "Red Component" : 0.80941479999999999,
    "Blue Component" : 0.67277030000000004
  },
  "Ambiguous Double Width" : false,
  "Jobs to Ignore" : [
    "rlogin",
    "ssh",
    "slogin",
    "telnet"
  ],
  "Show Status Bar" : false,
  "Ansi 15 Color" : {
    "Green Component" : 1,
    "Red Component" : 1,
    "Blue Component" : 1
  },
  "Foreground Color" : {
    "Green Component" : 0.73333334922790527,
    "Red Component" : 0.73333334922790527,
    "Blue Component" : 0.73333334922790527
  },
  "Working Directory" : "\/Users\/lewis",
  "Blinking Cursor" : false,
  "Disable Window Resizing" : true,
  "Sync Title" : false,
  "Prompt Before Closing 2" : false,
  "BM Growl" : true,
  "Command" : "",
  "Description" : "Default",
  "Mouse Reporting" : true,
  "Screen" : -1,
  "Selection Color" : {
    "Green Component" : 0.22248570000000001,
    "Red Component" : 0.20990739999999999,
    "Blue Component" : 0.51530609999999999
  },
  "Columns" : 150,
  "Idle Code" : 0,
  "Background Image Mode" : 0,
  "Ansi 13 Color" : {
    "Green Component" : 0.61330589999999996,
    "Red Component" : 1,
    "Blue Component" : 0.99652090000000004
  },
  "Custom Command" : "No",
  "ASCII Anti Aliased" : true,
  "Non Ascii Font" : "Monaco 12",
  "Vertical Spacing" : 1,
  "Use Bold Font" : true,
  "Option Key Sends" : 2,
  "Selected Text Color" : {
    "Green Component" : 0.94760049999999996,
    "Red Component" : 0.94760049999999996,
    "Blue Component" : 0.94760049999999996
  },
  "Background Color" : {
    "Green Component" : 0,
    "Red Component" : 0,
    "Blue Component" : 0
  },
  "Character Encoding" : 4,
  "Ansi 11 Color" : {
    "Green Component" : 1,
    "Red Component" : 1,
    "Blue Component" : 0.7996491
  },
  "Use Italic Font" : true,
  "Unlimited Scrollback" : false,
  "Keyboard Map" : {
    "0xf703-0x280000-0x0" : {
      "Version" : 0,
      "Action" : 10,
      "Text" : "f",
      "Label" : ""
    },
    "0xf702-0x280000-0x0" : {
      "Version" : 0,
      "Action" : 10,
      "Text" : "b",
      "Label" : ""
    }
  },
  "Window Type" : 0,
  "Blur Radius" : 2,
  "Background Image Location" : "",
  "Blur" : false,
  "Badge Color" : {
    "Red Component" : 0.92929404973983765,
    "Color Space" : "P3",
    "Blue Component" : 0.13960540294647217,
    "Alpha Component" : 0.5,
    "Green Component" : 0.25479039549827576
  },
  "Scrollback Lines" : 1000,
  "Send Code When Idle" : false,
  "Close Sessions On End" : true,
  "Terminal Type" : "xterm-256color",
  "Visual Bell" : true,
  "Flashing Bell" : false,
  "Status Bar Layout" : {
    "components" : [
      {
        "class" : "iTermStatusBarCPUUtilizationComponent",
        "configuration" : {
          "knobs" : {
            "base: priority" : 5,
            "base: compression resistance" : 1,
            "shared text color" : {
              "Red Component" : 0.86000317335128784,
              "Color Space" : "P3",
              "Blue Component" : 0.63590961694717407,
              "Alpha Component" : 1,
              "Green Component" : 0.6414334774017334
            }
          },
          "layout advanced configuration dictionary value" : {
            "remove empty components" : false,
            "font" : ".SFNS-Regular 12",
            "algorithm" : 0,
            "auto-rainbow style" : 3
          }
        }
      },
      {
        "class" : "iTermStatusBarMemoryUtilizationComponent",
        "configuration" : {
          "knobs" : {
            "base: priority" : 5,
            "shared text color" : {
              "Red Component" : 0.68831604719161987,
              "Color Space" : "P3",
              "Blue Component" : 0.82982355356216431,
              "Alpha Component" : 1,
              "Green Component" : 0.89269793033599854
            },
            "base: compression resistance" : 1
          },
          "layout advanced configuration dictionary value" : {
            "remove empty components" : false,
            "auto-rainbow style" : 0,
            "algorithm" : 0
          }
        }
      },
      {
        "class" : "iTermStatusBarNetworkUtilizationComponent",
        "configuration" : {
          "knobs" : {
            "base: priority" : 5,
            "base: compression resistance" : 1,
            "shared text color" : {
              "Red Component" : 0.86000508069992065,
              "Color Space" : "P3",
              "Blue Component" : 0.76881867647171021,
              "Alpha Component" : 1,
              "Green Component" : 0.64143049716949463
            }
          },
          "layout advanced configuration dictionary value" : {
            "remove empty components" : false,
            "font" : ".SFNS-Regular 12",
            "algorithm" : 0,
            "auto-rainbow style" : 3
          }
        }
      }
    ],
    "advanced configuration" : {
      "remove empty components" : false,
      "font" : ".AppleSystemUIFont 12",
      "algorithm" : 0,
      "auto-rainbow style" : 3
    }
  },
  "Silence Bell" : false,
  "Unicode Normalization" : 0,
  "Ansi 14 Color" : {
    "Green Component" : 0.87631029999999999,
    "Red Component" : 0.87591359999999996,
    "Blue Component" : 0.99703969999999997
  },
  "Name" : "Default",
  "Cursor Text Color" : {
    "Green Component" : 1,
    "Red Component" : 1,
    "Blue Component" : 1
  },
  "Match Background Color" : {
    "Red Component" : 0.99697154760360718,
    "Color Space" : "P3",
    "Blue Component" : 0.32116127014160156,
    "Alpha Component" : 1,
    "Green Component" : 0.98600882291793823
  },
  "Shortcut" : "",
  "Cursor Color" : {
    "Green Component" : 0.64705880000000005,
    "Red Component" : 1,
    "Blue Component" : 0.37647059999999999
  },
  "Transparency" : 0.20488031914893617,
  "Ansi 0 Color" : {
    "Green Component" : 0.30978869999999997,
    "Red Component" : 0.30978869999999997,
    "Blue Component" : 0.30978869999999997
  },
  "Horizontal Spacing" : 1,
  "Ansi 2 Color" : {
    "Green Component" : 1,
    "Red Component" : 0.65882350000000001,
    "Blue Component" : 0.37647059999999999
  },
  "Ansi 4 Color" : {
    "Green Component" : 0.79607839999999996,
    "Red Component" : 0.58823530000000002,
    "Blue Component" : 0.99607840000000003
  },
  "Right Option Key Sends" : 0,
  "Ansi 6 Color" : {
    "Green Component" : 0.77254900000000004,
    "Red Component" : 0.77647060000000001,
    "Blue Component" : 0.99607840000000003
  },
  "Guid" : "8EF0EB35-0DEF-4621-92A8-5B60D32E7A39",
  "Normal Font" : "Monaco 12",
  "Custom Directory" : "No",
  "Link Color" : {
    "Red Component" : 0.1451396644115448,
    "Color Space" : "P3",
    "Blue Component" : 0.70932406187057495,